{
    "1415 Larkin St San Francisco, CA 94109": [
        [
            -122.4192648,
            37.7910837
        ],
        "1415 Larkin Street, San Francisco, CA 94109, USA"
    ],
    "3014 20th Street, San Francisco, CA, 94110": [
        [
            -122.4113185,
            37.7592298
        ],
        "3014 20th Street, San Francisco, CA 94110, USA"
    ],
    "2271 Union St San Francisco, CA 94123": [
        [
            -122.4366194,
            37.7967042
        ],
        "2271 Union Street, San Francisco, CA 94123, USA"
    ],
    "4076 18th St. San Francisco, CA 94114": [
        [
            -122.4344138,
            37.7610934
        ],
        "4076 18th Street, San Francisco, CA 94114, USA"
    ],
    "1315 18th St San Francisco, CA 94107": [
        [
            -122.3959956,
            37.7624718
        ],
        "1315 18th Street, San Francisco, CA 94107, USA"
    ],
    "1352 A 9th Ave San Francisco, CA 94122": [
        [
            -122.4660636,
            37.7631593
        ],
        "1352-A 9th Avenue, San Francisco, CA 94122, USA"
    ],
    "670 Commercial St San Francisco, CA 94111": [
        [
            -122.4042116,
            37.7942255
        ],
        "670 Commercial Street, San Francisco, CA 94111, USA"
    ],
    "150 Mississippi St, San Francisco, CA 94107": [
        [
            -122.395182,
            37.764412
        ],
        "150 Mississippi Street, San Francisco, CA 94107, USA"
    ],
    "315 Linden St. San Francisco, CA 94102": [
        [
            -122.4233375,
            37.7762245
        ],
        "315 Linden Street, San Francisco, CA 94102, USA"
    ],
    "4033 Judah St San Francisco, CA 94122": [
        [
            -122.5053705,
            37.7602986
        ],
        "4033 Judah Street, San Francisco, CA 94122, USA"
    ],
    "151 Third Street, San Francisco, CA, 94103": [
        [
            -122.4008003,
            37.7859072
        ],
        "151 3rd Street, San Francisco, CA 94103, USA"
    ],
    "2123 Fillmore St San Francisco, CA 94115": [
        [
            -122.4341071,
            37.7893175
        ],
        "2123 Fillmore Street, San Francisco, CA 94115, USA"
    ],
    "20560 Town Center Ln Cupertino, CA 95014": [
        [
            -122.0317605,
            37.3180209
        ],
        "20560 Town Center Lane, Cupertino, CA 95014, USA"
    ],
    "270 Seventh Street San Francisco, CA 94103": [
        [
            -122.408537,
            37.777036
        ],
        "270 7th Street, San Francisco, CA 94103, USA"
    ],
    "456 University Ave Palo Alto, CA 94301": [
        [
            -122.1595498,
            37.4475588
        ],
        "456 University Avenue, Palo Alto, CA 94301, USA"
    ],
    "746 Valencia St San Francisco, CA 94110": [
        [
            -122.4218206,
            37.7609695
        ],
        "746 Valencia Street, San Francisco, CA 94110, USA"
    ],
    "300 Webster St. Oakland, CA 94607": [
        [
            -122.273128,
            37.795933
        ],
        "300 Webster Street, Oakland, CA 94607, USA"
    ],
    "505 Howard St, San Francisco, CA 94105": [
        [
            -122.3961922,
            37.7880095
        ],
        "505 Howard Street, San Francisco, CA 94105, USA"
    ],
    "301 Divisadero St. San Francisco, CA 94117": [
        [
            -122.4375233,
            37.772327
        ],
        "301 Divisadero Street, San Francisco, CA 94117, USA"
    ],
    "2066 Chestnut St San Francisco, CA 94123": [
        [
            -122.4376677,
            37.8008457
        ],
        "2066 Chestnut Street, San Francisco, CA 94123, USA"
    ],
    "327 Bay St San Francisco, CA 94133": [
        [
            -122.4127775,
            37.8055586
        ],
        "327 Bay Street, San Francisco, CA 94133, USA"
    ],
    "3655 Lawton St. San Francsico": [
        [
            -122.5022956,
            37.7566759
        ],
        "3655 Lawton Street, San Francisco, CA 94122, USA"
    ],
    "2900 18th St. San Francisco, CA 94110": [
        [
            -122.4118305,
            37.761972
        ],
        "2900 18th Street, San Francisco, CA 94110, USA"
    ],
    "281 Lighthouse Ave Monterey, CA 93940": [
        [
            -121.899306,
            36.610238
        ],
        "281 Lighthouse Avenue, Monterey, CA 93940, USA"
    ],
    "225 Bush St San Francisco, CA 94104": [
        [
            -122.4012802,
            37.790841
        ],
        "225 Bush Street, San Francisco, CA 94104, USA"
    ],
    "375 Valencia St San Francisco, CA 94103": [
        [
            -122.4218845,
            37.7670058
        ],
        "375 Valencia Street, San Francisco, CA 94103, USA"
    ],
    "1 Ferry Building, #7 San Francisco, CA 94111": [
        [
            -122.3934111,
            37.7955805
        ],
        "Ferry Building Marketplace, San Francisco, CA 94105, USA"
    ],
    "4270 Broadway, Oakland, CA 94611": [
        [
            -122.2541263,
            37.8310971
        ],
        "4270 Broadway, Oakland, CA 94611, USA"
    ],
    "3417 18th St San Francisco, CA 94110": [
        [
            -122.4196824,
            37.7614153
        ],
        "3417 18th Street, San Francisco, CA 94110, USA"
    ],
    "4749 Folsom Blvd. Sacramento, CA 95819": [
        [
            -121.4462992,
            38.5618564
        ],
        "4749 Folsom Boulevard, Sacramento, CA 95819, USA"
    ],
    "231 Cortland Ave San Francisco, CA 94110": [
        [
            -122.4189874,
            37.739687
        ],
        "231 Cortland Avenue, San Francisco, CA 94110, USA"
    ],
    "2436 Polk St San Francisco, CA 94109": [
        [
            -122.4222261,
            37.7993302
        ],
        "2436 Polk Street, San Francisco, CA 94109, USA"
    ],
    "1415 Folsom St San Francisco, CA 94103": [
        [
            -122.4129209,
            37.7724539
        ],
        "1415 Folsom Street, San Francisco, CA 94103, USA"
    ],
    "1890 Bryant St San Francisco, CA 94110": [
        [
            -122.4106368,
            37.76323259999999
        ],
        "1890 Bryant Street, San Francisco, CA 94110, USA"
    ],
    "1026 Valencia Street San Francisco, CA 94110": [
        [
            -122.4213655,
            37.7564371
        ],
        "1026 Valencia Street, San Francisco, CA 94110, USA"
    ],
    "10120 Jibboom St Truckee, CA 96161": [
        [
            -120.1864768,
            39.3283064
        ],
        "10120 Jibboom Street, Truckee, CA 96161, USA"
    ],
    "1355 Market St. (at 10th and Stevenson, suite 190) San Francisco, CA 94103": [
        [
            -122.4168807,
            37.7767788
        ],
        "1355 Market Street, San Francisco, CA 94103, USA"
    ],
    "1435 Irving St San Francisco, CA 94122": [
        [
            -122.4733881,
            37.7635731
        ],
        "1435 Irving Street, San Francisco, CA 94122, USA"
    ],
    "2821 California St San Francisco, CA 94115": [
        [
            -122.4409084,
            37.7880105
        ],
        "2821 California Street, San Francisco, CA 94115, USA"
    ],
    "442 Hyde St San Francisco, CA 94109": [
        [
            -122.4160427,
            37.7850861
        ],
        "442 Hyde Street, San Francisco, CA 94109, USA"
    ],
    "907 Tahoe Blvd, Ste 20A, Incline Village, NV 89451": [
        [
            -119.9516461,
            39.2491627
        ],
        "Humboldt-Toiyabe National Forest, 907 Tahoe Boulevard #20a, Incline Village, NV 89451, USA"
    ],
    "1222 Noriega St San Francisco, CA 94122": [
        [
            -122.4770054,
            37.7544473
        ],
        "1222 Noriega Street, San Francisco, CA 94122, USA"
    ],
    "3619 Balboa St San Francisco, CA 94121": [
        [
            -122.4976948,
            37.7755094
        ],
        "3619 Balboa Street, San Francisco, CA 94121, USA"
    ],